id,name,url,gps
d0858cc0-0478-11e8-808e-07b6d0fe568b,Institute 193,https://goo.gl/maps/PXBsHGVauTB2,"@38.048242,-84.494705,15z"
7025fedd-083b-4605-9847-016cf649feb9,Henry Clay Estate,https://goo.gl/maps/D63rj364Eok,"@38.029272,-84.479974,15z"
8e136d93-36a0-4317-a6d8-91ac62a063a6,Broomwagon,https://goo.gl/maps/MerUrvdgk9u,"@38.0569816,-84.5276467,15z"
e0f0ee00-0479-11e8-808e-07b6d0fe568b,Bolivar Art Gallery - UK School of Art,https://goo.gl/maps/cFTbFbb7TmS2,"@38.0425773,-84.5088568,17z"
d9ecdc6d-1e03-468a-b2ee-622635c0e658,The Night Market,https://goo.gl/maps/sWXpcbvH56o,"@38.0566852,-84.4839591,17z"
1d43e4c4-c7b4-4916-b2b2-b63058551a07,New Editions Gallery,https://goo.gl/maps/8j9WvZUJGkJ2,"@38.0503015,-84.5002392,15z"
d4622b69-b6b3-4f50-b389-377901434bb6,105 W Louden,https://goo.gl/maps/k93t7ofU9jB2,"@38.0580866,-84.4823413,19z"
597ba75c-4832-41ea-9106-01f6cfd5b88c,Lexington Public Library (Central),https://goo.gl/maps/fcnsV7Mguvm,"@38.045547,-84.496316,15z"
df4e289b-08ff-4561-97fc-4a227210486b,Josephine Sculpture Park,https://goo.gl/maps/Pxxm1cJXqmt,"@38.135889,-84.904752,17z"
63849494-a77f-4744-ab47-1c9963267513,Al's Bar,https://goo.gl/maps/Dy83JkQ83Ar,"@38.0540845,-84.4884985,17z"
d440a7b5-50e0-4b5b-9d51-01f70fa91783,Creaux,https://goo.gl/maps/52aovGtGRvr,"@38.0487065,-84.500749,17z"
c963e8ad-ece9-4bfa-ace8-8e2f5735d5c6,University of Kentucky White Hall Classroom Building,https://goo.gl/maps/EfUvUeF9Vez,"@38.0380674,-84.5038369,15z"
fca780f0-0479-11e8-808e-07b6d0fe568b,Best Friend Bar,https://goo.gl/maps/1A6vVwVXE432,"@38.034252,-84.4982607,17z"
8972deb8-983a-4573-868d-122593a8ecc0,Francisco's Farm Art Fair,https://goo.gl/maps/sBMznQCqzLn,"@38.1445932,-84.6794393,17z"
0d63ddd0-047a-11e8-808e-07b6d0fe568b,Whiskey Bear,https://goo.gl/maps/7qSyqTGRyZU2,"@37.9770901,-84.5293801,17z"
f60395de-cb7b-4bf9-bf0b-2fd65537f0ff,UK Bolivar Art Building,https://goo.gl/maps/EkA2BBGyeyz,"@38.0425731,-84.5066681,15z"
22716c60-047a-11e8-808e-07b6d0fe568b,Lexington Art League,https://goo.gl/maps/PmtR8kAQPRM2,"@38.0553132,-84.4780269,17z"
30c331e0-047a-11e8-808e-07b6d0fe568b,The Green Lantern Bar,https://goo.gl/maps/7qVeS821NtR2,"@38.0550371,-84.5005136,17z"
29d471f0-047a-11e8-808e-07b6d0fe568b,Singletary Center for the Arts,https://goo.gl/maps/uLQTd23sBsu,"@38.0378112,-84.5033555,17z"
446e9860-047a-11e8-808e-07b6d0fe568b,Farish Theater,https://goo.gl/maps/ewNPYZsX95L2,"@38.0454793,-84.4986187,17z"
4a06a1f0-047a-11e8-808e-07b6d0fe568b,Brier Books,https://goo.gl/maps/ebYWdVHj27H2,"@38.030733,-84.4932552,17z"
7269e5c5-9e36-41e1-8e65-a9a1d5211451,Willie's Locally Known,https://goo.gl/maps/JrkeNyaaVny,"@38.0145916,-84.5251539,17z"
f0f86bb1-ff18-4ff4-86fa-20426c10b2a3,BCTC Cooper Campus - RM 230,https://goo.gl/maps/cpSL9XwopLC2,"@38.0247912,-84.5059024,17z"
313406e9-0cc1-4f40-835d-546a3848593a,Cha Cha's,https://goo.gl/maps/CXBJkASpCZm,"@38.0430597,-84.5042449,15z"
edfd1bc5-f78a-4f5c-ac5f-b2892b7207a4,Carnegie Center for Literacy & Learning,https://goo.gl/maps/FrnrPXZ8x6F2,"@38.0500523,-84.4978521,17z"
dc923453-097e-4381-83b8-f7270fc4eb8a,Gatton College of Business and Economic,https://goo.gl/maps/YyjiMJ3iF3u,"@38.0380713,-84.5090365,17z"
8f5c7260-047a-11e8-908e-07b6d0fe598a,The Gatton Student Center Cinema,https://goo.gl/maps/fSmtAFWRzNz,"@38.0403808,-84.503805,15z"
54348750-047a-11e8-808e-07b6d0fe568b,Morlan Gallery,https://goo.gl/maps/sCZ4P8bUkNw,"@38.0522702,-84.4948532,17z"
e21ac481-9a9c-40bb-a3b8-43f3cbe6819c,MS Rezny Studio/Gallery,https://goo.gl/maps/AAKjNANYPRH2,"@38.0532849,-84.5117905,17z"
34348750-047a-11e8-808e-07b6d0fe568b,The Lexington Center,https://goo.gl/maps/xPRe8nzEdEK2,"@38.0493472,-84.5047215,17z"
bc6852cc-7730-402e-a343-72c3bfb1e61a,Pivot Brewing,https://goo.gl/maps/XBATzcDxLro,"@38.036912,-84.4710907,17z"
babb8118-ad90-4cbb-aeaa-361ace35d479,The Plantory,https://goo.gl/maps/8S81XyKx57C2,"@38.0593505,-84.4942202,17z"
5440a37a-e64d-46ef-be73-2180ac4896a0,Bar Ona,https://goo.gl/maps/2UiB5Ak1c6x,"@38.04755,-84.495928,15z"
197d2c60-6b9a-412f-9cfc-468e25a5c9cc,The Parachute Factory,https://goo.gl/maps/3BFZuB9ffa92,"@38.056475,-84.483587,17z"
dfef2ffe-0eed-4049-af94-cabf46852417,The James Eads How Memorial Cinema,https://goo.gl/maps/ePV5aVEsR7p,"@38.0382682,-84.49329,17z"
89cd986b-382b-4bf3-95b4-9b2e42db335b,UK Art Museum,https://goo.gl/maps/TCbc2LGVAZL2,"@38.0378069,-84.5033609,17z"
550afaa5-7998-4b6c-a74e-005ac84ea74e,Student Center Cinema,https://goo.gl/maps/Ux7PMPnUoGK2,"@38.0403808,-84.5059937,17z"
4a9416d1-abad-487a-973c-8fde5ec2e42f,MoonDance Amphitheater,https://goo.gl/maps/DtvBEdo8m4v,"@38.0172995,-84.5584164,15z"
abcd62e9-4d20-4567-bb12-3c64d706a302,The Bar Complex,https://goo.gl/maps/BUBan3eZvtR2,"@38.0441361,-84.4971157,17z"
f1c12100-0479-11e8-808e-07b6d0fe568b,Cosmic Charlie's,https://goo.gl/maps/iWs7T3zfb3F2,"@38.0582387,-84.4842323,17z"
dbc17929-fa2e-4453-8f31-c3d4e21e14d0,The Kentucky Theater,https://goo.gl/maps/3kevicLsj6r,"@38.0443229,-84.4952404,15z"
4f5c7260-047a-11e8-808e-07b6d0fe568b,The Lyric Theatre & Cultural Arts Center,https://goo.gl/maps/onMCXLbESuq,"@38.046081,-84.489303,15z"
2c7ae750-f193-4b5f-9893-fa9d56c647ba,The Living Arts & Science Center,https://goo.gl/maps/fxxWBTy6ZPx,"@38.048768,-84.488603,15z"
d9107b10-0479-11e8-808e-07b6d0fe568b,The Burl,https://goo.gl/maps/MerUrvdgk9u,"@38.0569816,-84.5276467,15z"
181af060-047a-11e8-808e-07b6d0fe568b,21c Lexington,https://goo.gl/maps/y53p9xLcNcU2,"@38.0471762,-84.499835,17z"
4c08374b-16b5-44e4-a89f-c0fd1a5f127f,LexArts - Arts Place,https://goo.gl/maps/TnS4izpyqS22,"@38.0493905,-84.4997853,17z"
709f758f-c57c-4b1b-9618-ac4dd34eed62,Heike Pickett Gallery at CMW,https://goo.gl/maps/LNo21EvgcqF2,"@38.0407071,-84.4938896,17z"
8139b81b-e8ba-4e5a-a4da-7a8baa3fc7a8,Heike Pickett Gallery and Sculpture Garden,https://goo.gl/maps/nsSnSWzW82N2,"@38.0513313,-84.7322605,17z"
e9efc5bd-64bc-4f0a-bb2b-5e304cb40290,William T. Young Library Auditorium,https://goo.gl/maps/hZdEpQyES692,"@38.0328721,-84.5017179,15z"
eb46e930-6d54-4fca-a310-ae2b00928cc9,Lexington Opera House,https://goo.gl/maps/N2mqMHyFTSU2,"@38.0500251,-84.4992071,15z"
4ed99967-5e9d-490a-8174-0289a5acb330,Blue Stallion Brewing Co.,https://goo.gl/maps/FXySNa1V6CK2,"@38.059307,-84.4941797,17z"
637de4f0-d3c3-403a-b57a-8975e242763c,The Galleries at Georgetown College,https://goo.gl/maps/xpSh1D4UKL62,"@38.2072037,-84.5577489,17z"
5b509c9d-8c4b-4ab3-8bd4-ed49f42d2eab,444 W 6th,https://goo.gl/maps/a9ahRMdFH2N2,"@38.0577096,-84.4931671,17z"
4bf24a00-4739-4efc-9b35-07e3d6a1629a,Kentucky for Kentucky,https://goo.gl/maps/XspXNU4Pyiv,"@38.0564434,-84.4835999,17z"
249d47f3-c594-4502-acc5-9fd98a0ba2c2,Bourbon N' Toulouse,https://goo.gl/maps/kuYTYDRUh6M2,"@38.0297775,-84.4905335,15z"
4af4fdd0-bff5-4b41-9634-ca537a0e94a2,Rock House Brewing,https://goo.gl/maps/yPox1KFNdfm,"@38.055809,-84.4837686,17z"
f86eace0-f3f5-11e8-b32c-5f766c4b8d02,The Bread Box ,https://goo.gl/maps/SLBZsWf41Tx,"@38.0597814,-84.4918931,15z"
41c79b20-7f19-407a-a57c-4bc37ce35728,UK Student Center,https://goo.gl/maps/HrpWXw13aS52,"@38.0333029,-84.5055201,14z"
f52c06e0-1a06-11e9-b43e-456ed9f9b823,Ona,https://goo.gl/maps/rvnSp9D9g9H2,"@38.0475464,-84.4981155,17z"
72a16c90-24d0-11e9-b43e-456ed9f9b823,Hilary J. Boone Center,https://goo.gl/maps/MiZ2yYxZjDS2,"@38.0353147,-84.5050244,17z"
81daa870-4528-11e9-b43e-456ed9f9b823,StageBox Theatre,https://goo.gl/maps/FwJgLm3SP642,"@37.9958328,-84.5498707,17z"
d83dffe0-6248-11e9-b43e-456ed9f9b823,West Sixth Farm,"https://www.google.com/maps/place/West+Sixth+Farm/@38.2737588,-84.8545441,17z/data=!3m1!4b1!4m5!3m4!1s0x88420d3736bb191b:0xe67d3e6de9f048f8!8m2!3d38.2737546!4d-84.8523554","@38.2737588,-84.8545441,17z"
72bd65a0-a7cd-11e9-b43e-456ed9f9b823,326 Southland Drive,https://goo.gl/maps/8UMUJNug6HWgiMs5A,"@38.0161969,-84.5279354,17z"
ffa30150-d491-11e9-b43e-456ed9f9b823,Manchester Coffee Co.,https://goo.gl/maps/hCqBGi1TYNBVYdQJ7,"@38.0532849,-84.5096018,15z"
fd406020-f9a7-11e9-b43e-456ed9f9b823,Centenary United Methodist ,https://goo.gl/maps/AmVCWr6r6x2CrNkx6,"@38.0114956,-84.5055811,14z"
db120590-3c90-11ea-9d77-193829f642f5,Faith Lutheran Church,https://goo.gl/maps/5NbfjwUaur92K1LY8,"@38.0263938,-84.4912082,15z"
35c1bce0-1c1d-11ea-87a7-4f5c28cab2b3,Steam Engine Session Room,https://goo.gl/maps/JZSK2Tq4jLAj4aEx7,"@37.7009647,-83.9772712,17z"
65265f60-4ea7-11ea-abf2-8dc9e627a96d,Sidecar,https://goo.gl/maps/N5VsX2zhzBNhRygu6,"@38.0541905,-84.4862243,15z"
d430b3f0-87b6-11e9-b43e-456ed9f9b823,UK School of Art and Visual Studies,https://goo.gl/maps/uEXTDMcMR2nQgpEP7,"@38.0425731,-84.5088621,17z"
03a52ed0-a66b-11ea-aa51-cdc3fe7afefa,Fayette Circut Courthouse,https://goo.gl/maps/oUGUkBsLNVL77zYJ8,"@38.0462199,-84.4959227,15z"
ad6120f0-f7b0-11ea-a43d-dfe2af8cac81,University of Kentucky Orange Lot,"https://www.google.com/maps/place/Orange+Lot,+Lexington,+KY+40503/@38.0233335,-84.5110529,17.44z/data=!4m5!3m4!1s0x884244b3c8ae3a0f:0x426d9a3893982db3!8m2!3d38.023436!4d-84.5094379","@38.0233335,-84.5110529,17.44z"
6693b240-09b8-11eb-a43d-dfe2af8cac81,Cardinal Valley Elementary (and other locations),"https://www.google.com/maps/place/Cardinal+Valley+Elementary/@38.0502583,-84.5502629,15.28z/data=!4m5!3m4!1s0x8842430d30ef7007:0x97899f1a9b354ce6!8m2!3d38.0540061!4d-84.5435611","@38.0502583,-84.5502629,15.28z"
7868e790-8e9e-11eb-a43d-dfe2af8cac81,Ann L. Durham Lake Reba Recreational Complex,https://goo.gl/maps/1JWCv9fyRa2WZRJ1A,"@37.7353877,-84.2583467,15z"
eb8f9584-4089-4a38-a037-acd6e2e1e308,Mountain Heritage Festival Stage,https://goo.gl/maps/4bkr9w8rn5Aa2xou9,"@37.116333,-82.8275888,17z"
719601a0-f7ce-11e8-b32c-5f766c4b8d02,Kentucky for Kentucky,https://goo.gl/maps/P28Mavq5vAm,"@38.0564434,-84.4814112,15z"
240a8de0-0a00-11e9-b43e-456ed9f9b823,Manchester Music Hall,https://goo.gl/maps/eHuYKTuzZtF2,"@38.0530644,-84.50911,15z"
0297aac0-1a0a-11e9-b43e-456ed9f9b823,Old Fayette County Courthouse,https://goo.gl/maps/c3eFLBE2ftE2,"@38.0476593,-84.4998673,17z"
21060890-4529-11e9-b43e-456ed9f9b823,Kentucky Historical Society,https://goo.gl/maps/CRgNQKxThar,"@38.1986563,-84.8765482,17z"
6c44d5e0-6c1e-11e9-b43e-456ed9f9b823,Robert F. Stephens Courthouse Plaza,https://goo.gl/maps/BcuQS6hphh5Ah8bS7,"@38.0461067,-84.4962034,15z"
4f2d8f80-87bf-11e9-b43e-456ed9f9b823,Fine Arts Institute (UK School of Art & Visual Studies),https://goo.gl/maps/DhXvHnjmwLCX3nZq8,"@38.0425773,-84.5088568,17z"
f09daee0-a7d1-11e9-b43e-456ed9f9b823,Keeneland,https://goo.gl/maps/2AFKPbDfdXJ5FNPS7,"@38.0469517,-84.6084291,17z"
532ce0e0-be97-11e9-b43e-456ed9f9b823,Norton Center for the Arts,https://goo.gl/maps/9ueNDdg9JoQjx7rw5,"@37.644531,-84.7781356,15z"
c7d4b110-d8a1-11e9-b43e-456ed9f9b823,John Jacob Niles Center for American Music,https://goo.gl/maps/xRhsPHYcAvJLWGsN8,"@38.0373432,-84.5027739,15z"
c09c73e0-24da-11e9-b43e-456ed9f9b823,J. Gumbo's,https://goo.gl/maps/5HjEa7Ukwqk,"@38.0417951,-84.5110766,15z"
0314c750-42a2-11ea-abf2-8dc9e627a96d,girlsgirlsgirls Burritos,https://goo.gl/maps/6APgUXGciySHAb9b9,"@38.041788,-84.503886,15z"
d39789c0-219c-11ea-87a7-4f5c28cab2b3,Artworks at the Carver School,https://goo.gl/maps/Jh2uFd4qERPMjFe77,"@38.0460432,-84.5079076,15z"
977e02f0-5038-11ea-abf2-8dc9e627a96d,Lucille Little Black Box Theatre (Fine Arts Building room 102),https://goo.gl/maps/ST4kdDv1wU7Dist36,"@38.0369909,-84.5019074,15z"
73fc0870-a66b-11ea-aa51-cdc3fe7afefa,Lexington Green Lakeside ,https://goo.gl/maps/doMw18fxHWEXBo8b9,"@37.994606,-84.5243488,15z"
ce7f8730-cce6-11ea-b6c2-ad89bfbe302e,Sav's,https://goo.gl/maps/vFRsud1HqPV64ZMk9,"@38.0366577,-84.488699,17z"
6a7221a0-f7b4-11ea-a43d-dfe2af8cac81,Pella Windows and Doors,https://goo.gl/maps/HFK8sXpz3i9pzaBU8,"@38.0261249,-84.4546708,17z"
bd808560-09d6-11eb-a43d-dfe2af8cac81,East End & North Limestone,https://goo.gl/maps/5DTHK7yH9CtL2Hhx8,"@38.0475769,-84.4916407,17z"
14e8cc9d-5736-42bb-b4ba-0c89d98ce7bc,Evans Orchard,https://goo.gl/maps/Utma4RKTu2bFEmZF8,"@38.2098033,-84.4792091,17z"
85f92600-fc19-11e8-b43e-456ed9f9b823,Source On High,https://goo.gl/maps/TiqwegtXrov,"@38.036035,-84.4948837,17z"
da4c9a60-0c6e-11e9-b43e-456ed9f9b823,Lexington Center,https://goo.gl/maps/ExiA3xDpSJq,"@38.0494501,-84.5041897,17z"
f58813b0-1f63-11e9-b43e-456ed9f9b823,The Twisted Cork,https://goo.gl/maps/2bnvwVJJ2A12,"@37.9950087,-84.5489346,17z"
cd557290-2bcd-11e9-b43e-456ed9f9b823,The Loudoun House ,"https://www.google.com/maps/place/The+Loudoun+House/@38.0553259,-84.4782218,17z/data=!3m1!4b1!4m5!3m4!1s0x884245017f1211d5:0xfe1a7e59c4f237a0!8m2!3d38.0553259!4d-84.4760331","@38.0553259,-84.4782218,17z"
cf4cbfc0-4529-11e9-b43e-456ed9f9b823,College of Design,https://goo.gl/maps/48LqR3fYf6A2,"@38.0365933,-84.5063036,17z"
a9c72f20-6c1f-11e9-b43e-456ed9f9b823,StageBox Theatre,https://goo.gl/maps/cbj2swxvmceSNRkX8,"@37.995837,-84.549876,17z"
c4cf17a0-8c41-11e9-b43e-456ed9f9b823,Lexington Visitor Center,https://goo.gl/maps/bgppksosVMQr39Mm8,"@38.047659,-84.4998677,17z"
cc396ac0-b191-11e9-b43e-456ed9f9b823,Good Foods Co-op,https://goo.gl/maps/3VzpBcGKQoJ2fPag6,"@38.0199922,-84.529162,17z"
e1f55540-da63-11e9-b43e-456ed9f9b823,Black Lotus Yoga,https://goo.gl/maps/gMyK4eHad5wmd3zv5,"@38.0416748,-84.4930889,15z"
6bc548e0-fb69-11e9-b43e-456ed9f9b823,Beaumont Centre Clubhouse,https://goo.gl/maps/EbwTNELWgTmKAQBTA,"@38.017329,-84.5639208,17z"
fceda050-42a5-11ea-abf2-8dc9e627a96d,First United Methodist Church Downtown,https://goo.gl/maps/or5QADHTREyJw7cL7,"@38.045974,-84.5025679,17z"
382b9e40-3024-11ea-95ca-4d545eb60af6,International Book Project,https://goo.gl/maps/s35AWaaadTjjKeSB6,"@38.0367698,-84.4702834,17z"
1a890e90-a66c-11ea-aa51-cdc3fe7afefa,Rupp Arena,https://goo.gl/maps/HFFY5SJJDnpX6jGk8,"@38.0492864,-84.5023911,15z"
f9adb400-7cef-11ea-9036-6de817efdff1,Art Center of the Bluegrass,"https://www.google.com/maps/place/401+W+Main+St,+Danville,+KY+40422/@37.646203,-84.77427,16z/data=!4m5!3m4!1s0x88429a7f464370e1:0xc67f6880a3941f5b!8m2!3d37.6462031!4d-84.7742704?hl=en","@37.646203,-84.77427,16z"
70dbfb00-cd3f-11ea-b6c2-ad89bfbe302e,Pioneer Playhouse,"https://www.google.com/maps/place/Pioneer+Playhouse/@37.6353768,-84.7628007,15.27z/data=!4m5!3m4!1s0x8842909196fa3763:0xe0b24ac27b3c5b7b!8m2!3d37.6385877!4d-84.7586632","@37.6353768,-84.7628007,15.27z"
ff1b3ad0-f7b4-11ea-a43d-dfe2af8cac81,The Laurel Cove Amphitheater,https://goo.gl/maps/ku5bmVDaeiC2Z997A,"@36.7408092,-83.7079041,17z"
c9714910-09d9-11eb-a43d-dfe2af8cac81,Squire Oak & Gainesway,https://goo.gl/maps/X3XRHMqridHmcTCu7,"@37.9876579,-84.4952057,17z"
861aaf30-65af-11eb-a43d-dfe2af8cac81,"College of Agriculture, Ag Science N Building",https://goo.gl/maps/kXmkVemrqfteVU488,"@38.119939,-84.4958985,14.64z"
86b94028-9bfd-45b5-8e1e-6605ca58594f,Hartland Swim & Racquet Club,https://goo.gl/maps/ByCADMehnfRdP4KJ7,"@37.909338,-84.6380176,11.37z"
4980fa20-fe23-11e8-b43e-456ed9f9b823,Limestone Hall,https://goo.gl/maps/VDi9AKmQuPv,"@38.047659,-84.4998677,17z"
14403630-0df2-11e9-b43e-456ed9f9b823,Red Barn Radio,https://goo.gl/maps/8kyZxn1Rrnm,"@38.0493863,-84.4997853,17z"
5e5eba70-2e18-11e9-b43e-456ed9f9b823,440 Hilltop Ave,https://goo.gl/maps/BfRVKNSJS4F2,"@38.031196,-84.5046738,17z"
376d3e40-452a-11e9-b43e-456ed9f9b823,Woodford Theatre,https://goo.gl/maps/y87JU3iNtqo,"@38.0473458,-84.763171,17z"
8dc60930-6c20-11e9-b43e-456ed9f9b823,UK College of Fine Arts Building,https://goo.gl/maps/JWyTrMWUEAr9YAFj9,"@38.0397904,-84.5086759,16z"
b1b7a1d0-8c43-11e9-b43e-456ed9f9b823,Woodland Park,https://goo.gl/maps/ui1TsG7ddzsbKfLD9,"@38.0357635,-84.4923295,17z"
1d338570-b195-11e9-b43e-456ed9f9b823,Christ Church Cathedral,https://goo.gl/maps/c2TKJdLZUBZaRffm6,"@38.0485603,-84.4987745,17z"
81d02490-be9f-11e9-b43e-456ed9f9b823,Mirror Twin Brewing,https://goo.gl/maps/WHqio5wp322sYw4i7,"@38.040447,-84.478465,15z"
a77a7740-42bb-11ea-abf2-8dc9e627a96d,Louis Mack Center - Meadowthorpe Park,https://goo.gl/maps/GBYKFBMxB3hEwfTj7,"@38.0732365,-84.5226053,17z"
69b3ce20-36ea-11ea-9d77-193829f642f5,Civic Lex,https://goo.gl/maps/DJBW8TXHVBxLn4Gt7,"@38.0457129,-84.4962832,17z"
72c5bc40-5854-11ea-abf2-8dc9e627a96d,Third Street Stuff & Coffee,https://goo.gl/maps/6uTbbiBCfLPdPk4GA,"@38.0493428,-84.4929633,15z"
b42bfac0-aa78-11ea-aa51-cdc3fe7afefa,Corner of Market St and Short St,https://goo.gl/maps/amAhM62nccaEqbXt5,"@38.0482009,-84.4999214,17z"
5cde4b40-f930-11ea-a43d-dfe2af8cac81,Critchfield Meats Parking Lot,"https://www.google.com/maps/place/398+Southland+Dr,+Lexington,+KY+40503/@38.017687,-84.5273162,18.92z/data=!4m5!3m4!1s0x88425cab845ab4bd:0x6b1447a2ef835d91!8m2!3d38.0175772!4d-84.527052","@38.017687,-84.5273162,18.92z"
a22f0ff0-0c12-11eb-a43d-dfe2af8cac81,398 Southland Drive,https://goo.gl/maps/9ADgGwyNZbUsyZ6A7,"@38.0175772,-84.5292407,17z"
8a783300-718e-11eb-a43d-dfe2af8cac81,Recovery Cafe,https://goo.gl/maps/zb2Ny6CZmvmu3z5s5,"@38.0507493,-84.5187104,17z"
db021f90-98c9-11eb-a43d-dfe2af8cac81,AEGON Gallery - Jones Visual Arts Center,https://goo.gl/maps/MscVj5vaUAxUagGG7,"@37.6432446,-84.7856999,17z"
350fb170-0e0f-11e9-b43e-456ed9f9b823,"The Harstad Fine Arts Series, Inc",https://goo.gl/maps/Lb4rkAis8KP2,"@38.0263938,-84.4912082,15z"
d2dad0a0-2fc1-11e9-b43e-456ed9f9b823,Crossings Lexington,https://goo.gl/maps/jouHHEdzvj62,"@38.0467441,-84.4966575,15z"
15b207d0-452b-11e9-b43e-456ed9f9b823,Urban Artifact,https://goo.gl/maps/pahi7wZS5Sn,"@39.160679,-84.5441877,17z"
f0271f00-75ef-11e9-b43e-456ed9f9b823,Open Spaces (101 N Eagle Creek Dr),https://goo.gl/maps/wmZxMwoUKx3bLKBd6,"@37.9989031,-84.4448497,17z"
b119dc10-92a2-11e9-b43e-456ed9f9b823,715 Golfview Dr,https://goo.gl/maps/Foy68fFhFKDFkF5J9,"@38.0403113,-84.5306897,17z"
0616db10-b197-11e9-b43e-456ed9f9b823,Slainte Public House,https://goo.gl/maps/tnaQquoBSjJh5RPe8,"@38.209636,-84.5585733,17z"
b67ec100-e970-11e9-b43e-456ed9f9b823,Beaumont Presbyterian Church,https://goo.gl/maps/x1mPqWFWQRjy9s8dA,"@38.0336962,-84.5569726,15z"
99f47110-43ca-11ea-abf2-8dc9e627a96d,The Mad Potter,https://goo.gl/maps/WfPrREdPp3ie1Pag6,"@37.9946366,-84.498661,17z"
e3024f70-5c2b-11ea-b424-ad0bca822634,Mitchell Fine Arts Center,https://goo.gl/maps/xcYMdG7YFB43HbA4A,"@38.0523723,-84.4950744,17z"
3f943410-abe1-11ea-aa51-cdc3fe7afefa,The Kentucky Center for the Performing Arts,https://goo.gl/maps/Tt6w2dn8wmq7jtqg6,"@38.2573922,-85.761353,17z"
3ddbe9a0-14c4-11eb-a43d-dfe2af8cac81,Carriage House Theatre,https://goo.gl/maps/puhhd7qxGiph9o5n8,"@38.0392906,-84.4864637,16.56z"
0c6c48fd-2b7b-4b1a-98a5-117a8a1c9fee,Masterson Station Park,https://goo.gl/maps/uCYvh9Y2BX3tj8WNA,"@38.1022015,-84.5537385,17z"
1131ae92-17cd-4eb0-b887-8a15ddaa31f7,Peninsula Park,https://goo.gl/maps/unKkQbGH84np5p8q8,"@38.2184445,-84.5646787,17z"
57045000-3200-11e9-b43e-456ed9f9b823,Lexington Public Library (Central Library),https://goo.gl/maps/BvHF5xQfK3G2,"@38.0455513,-84.49851,17z"
95bcb670-4aa6-11e9-b43e-456ed9f9b823,Ahava Center for Spiritual Living,https://goo.gl/maps/FkNPbKYYctC2,"@38.0204622,-84.531954,14z"
60b366d0-76bc-11e9-b43e-456ed9f9b823,The Kentucky Castle,https://goo.gl/maps/86hxZTdfJiYqFwkM6,"@38.0467222,-84.655028,17z"
309452f0-9e50-11e9-b43e-456ed9f9b823,Swanson Contemporary,https://goo.gl/maps/By8tcGxCDhseooov7,"@38.253157,-85.740321,15z"
5d9097d0-c2bf-11e9-b43e-456ed9f9b823,Gatton Student Center Ballroom,https://goo.gl/maps/LJmVooi4YWgoU4Ye8,"@38.0403808,-84.503805,15z"
6df4d950-e971-11e9-b43e-456ed9f9b823,Hummel Planetarium,https://goo.gl/maps/hfXRNyB7rLm2SkP16,"@37.7304626,-84.3037679,15z"
82f79770-ff33-11e9-b43e-456ed9f9b823,Fine Arts Building ,https://goo.gl/maps/ANfuGQp1yBEK3q3V9,"@38.0369909,-84.5019074,15z"
cca95eb0-43cd-11ea-abf2-8dc9e627a96d,Schmidt Vocal Arts Center - UK Opera Theatre,https://goo.gl/maps/CamAdc1d6Xm1A6SZ8,"@38.0369127,-84.5027409,17z"
2444a170-5c2e-11ea-b424-ad0bca822634,Open Spaces Art Gallery,https://goo.gl/maps/NB7hNaSvYrSXXogo7,"@37.9989623,-84.4442811,17z"
473a0670-14c5-11eb-a43d-dfe2af8cac81,Julius Marks Elementary,https://goo.gl/maps/8L5UwF1AQNQSF7oJ9,"@37.998706,-84.4922396,18.33z"
6e52616c-2817-4cd4-a629-059defc0c6fc,Wildside Winery,https://goo.gl/maps/qtM2vvzsvyMAoSer6,"@37.9783376,-84.7220402,17z"
bd1c0e4e-97e1-4e2b-9e90-0ace84a93dd4,Kre8Now Makerspace,https://goo.gl/maps/xWBd7Yj3fYV9woLv5,"@38.0175916,-84.4544014,17.35z"
2d74ad30-3475-11e9-b43e-456ed9f9b823,Lexington Public Library - Tates Creek Branch,https://goo.gl/maps/vXbg67AoDNK2,"@37.9794049,-84.5008652,17z"
6f53a010-0fa6-11e9-b43e-456ed9f9b823,TeeDee's Bluegrass Progressive Club,https://goo.gl/maps/3Xa34oCqzst,"@38.0456595,-84.4927982,17z"
4323f8b0-7cb0-11e9-b43e-456ed9f9b823,Bctc Newtown Pike Campus,https://goo.gl/maps/WEyCvqG5vg4Ew1sZ9,"@38.061503,-84.499809,15z"
b27c71c0-c836-11e9-b43e-456ed9f9b823,Portofino,https://goo.gl/maps/6nzsXZUhTewprmRS7,"@38.0438197,-84.4939142,15z"
f8c95c10-ff3b-11e9-b43e-456ed9f9b823,Awesome Inc.,"https://www.google.com/maps/place/Awesome+Inc/@38.0420621,-84.4948732,17z/data=!3m1!4b1!4m5!3m4!1s0x884244e842d5acf7:0x92c7783d2b2a2d15!8m2!3d38.0420621!4d-84.4926845","@38.0420621,-84.4948732,17z"
32fd6520-43cf-11ea-abf2-8dc9e627a96d,Southland Street Fair,https://goo.gl/maps/fitBsHhFrLPZZvQt8,"@38.0157641,-84.5259054,17z"
e0583640-4b38-11e9-b43e-456ed9f9b823,Headley-Whitney Museum,https://goo.gl/maps/RNY364EichkkjVzr5,"@38.095427,-84.6097743,15z"
72c529d0-5f14-11ea-b424-ad0bca822634,PieTana,https://goo.gl/maps/CSWn4Nj3rrr3xyCN8,"@38.0191258,-84.5218686,15z"
84c46b70-14c5-11eb-a43d-dfe2af8cac81,Squire Oak Neighborhood,https://goo.gl/maps/zsXTrtPmocxPqfiAA,"@37.9659486,-84.4565843,18.11z"
8acd406d-3e9e-444e-9d5e-6c7f5218e3b2,Woodford Inn,https://goo.gl/maps/eHw4CuZvhwTR4kXJ6,"@38.0543598,-84.734602,17z"
95ad9f59-9ee3-44d2-bab1-609ed78ecafb,Shaker Village of Pleasant Hill,https://goo.gl/maps/QVZPSrWo28N2DfFm9,"@37.8175181,-84.7425053,17z"
a8411c70-141c-11e9-b43e-456ed9f9b823,ARTplay Children's Studio,https://goo.gl/maps/DV2yWp5na1N2,"@38.039358,-84.4810146,17z"
5623b730-3475-11e9-b43e-456ed9f9b823,Lexington Public Library - Tates Creek Branch,https://goo.gl/maps/vXbg67AoDNK2,"@37.9794049,-84.5008652,17z"
a42c0800-55c8-11e9-b43e-456ed9f9b823,Owen County Public Library,https://goo.gl/maps/qiSGpYxpKw42,"@38.524074,-84.816021,15z"
49f61270-819e-11e9-b43e-456ed9f9b823,Tadoo Lounge,https://goo.gl/maps/qMH8txJbdPXjbtwW6,"@38.0398157,-84.4942121,17z"
bd1cf650-e978-11e9-b43e-456ed9f9b823,Lexington Friends Meeting Quakers ,https://goo.gl/maps/t5UWgnQ3K8ZrmPoT6,"@38.0595643,-84.4897157,15z"
2093c2e0-ff72-11e9-b43e-456ed9f9b823,Gifford Theater,https://goo.gl/maps/zBN6N9NxoH6UWbGTA,"@37.7429702,-84.3016729,17z"
3ae7a6a0-43d0-11ea-abf2-8dc9e627a96d,Indian Fort Theatre ,https://goo.gl/maps/XoNmF2n4gPUr72LaA,"@37.5522231,-84.2398356,17z"
68a90580-6337-11ea-9d91-8b9a74a66ddd,The Thoroughbred Center,https://goo.gl/maps/EftzvnNQBtizSLEV7,"@38.0964398,-84.4229577,17z"
f467e7a0-a066-11ea-aa51-cdc3fe7afefa,Raven Run,https://goo.gl/maps/cCWRXJQrCHcb2ZCp6,"@37.8959238,-84.3981114,15z"
3cf78060-3f32-11eb-a43d-dfe2af8cac81,The Mill&Max Contemplative Arts Space,https://goo.gl/maps/QpAZRwNC8JdnF6tu6,"@38.0454355,-84.5054544,17z"
0a22ac82-5fcb-4283-8525-353628411688,Farmer's Market Pavilion,https://goo.gl/maps/WQjs6FzA9hUsgyEj7,"@38.0544762,-83.9422092,18.45z"
09e01ac0-1428-11e9-b43e-456ed9f9b823,First Presbyterian Church,https://goo.gl/maps/QSMn5he5v1F2,"@38.0492617,-84.4988838,17z"
24c03970-351a-11e9-b43e-456ed9f9b823,Smiley Pete,https://goo.gl/maps/Rq3aJDPxuEH2,"@38.0398115,-84.4942121,17z"
5192ed80-c83b-11e9-b43e-456ed9f9b823,Lexington Public Library- Beaumont Branch,https://goo.gl/maps/7Tag3LMjfH2XZHZb9,"@38.0130211,-84.5663792,14z"
c7b0a4e0-ed06-11e9-b43e-456ed9f9b823,Gatton Student Center: Cat's Den ,https://goo.gl/maps/9HJR83oJo4Uao76MA,"@38.0402812,-84.5034119,17z"
bae74653-f3c6-4944-97b0-384d3d514d8b,Oleika Shriners,https://goo.gl/maps/1kNt33YcPiksk9HKA,"@38.0162663,-84.5262765,18z"
9af710fc-5756-41d2-b943-194039945213,ELIXIR Downtown,https://goo.gl/maps/YfwLhWMHe9k7w8V87,"@38.048397,-84.4982246,19z"
058ff6d0-351f-11e9-b43e-456ed9f9b823,Haggin Auditorium,https://goo.gl/maps/mZ8Hfg6pyYp,"@38.0531512,-84.4958395,17z"
45a41070-5b1d-11e9-b43e-456ed9f9b823,Northside Branch Library,https://goo.gl/maps/4LmvtUp8QKB2,"@38.0794706,-84.4713209,17z"
2337e750-c83c-11e9-b43e-456ed9f9b823,Wise Bird Cider,https://goo.gl/maps/wrrBfTRuLbVYDCzWA,"@38.0553712,-84.5181012,15z"
3ef8fd90-ed07-11e9-b43e-456ed9f9b823,Cats Den  at Gatton Student Center,https://goo.gl/maps/9HJR83oJo4Uao76MA,"@38.0402812,-84.5034119,17z"
4e023c40-4859-11ea-abf2-8dc9e627a96d,Asbury University ,https://goo.gl/maps/dRsFZ77XZARwWErEA,"@37.8638457,-84.6668204,17z"
44277a90-36d6-11e9-b43e-456ed9f9b823,Chocolate Holler,https://goo.gl/maps/NeGTBYh5cVv,"@38.0402926,-84.4948675,17z"
f597ad90-5fad-11e9-b43e-456ed9f9b823,Hudson Haus,https://goo.gl/maps/B32yy7tr4pjM4uYP8,"@38.0486287,-84.4963636,17z"
31691000-c83d-11e9-b43e-456ed9f9b823,North Lime Coffee & Donuts ,https://goo.gl/maps/MeQ4Je9TjQi6EVvr5,"@38.053919,-84.4887306,17z"
099f90f0-f1f3-11e9-b43e-456ed9f9b823,Heroes Realm ,https://goo.gl/maps/16XkGbbD1DDdvHj4A,"@38.0646979,-84.4698514,17z"
eac48ee0-4a0a-11ea-abf2-8dc9e627a96d,"Transylvania University, Shearer Art Building, Room 201",https://goo.gl/maps/r9RimL2SKAjtYCWHA,"@38.0522136,-84.4950225,17z"
f8377c31-2c29-4123-a25e-7b9585481207,Waveland State Historic Site,https://goo.gl/maps/AdNKHre3HkjKemro9,"@37.970777,-84.5389587,17z"
d8281e4f-5ee5-4b55-9f91-e73fb4d05441,James Pepper Distilling,https://goo.gl/maps/LSRRibwJcFePq1NUA,"@38.0565376,-84.5219881,17z"
6d1fe9a0-36d6-11e9-b43e-456ed9f9b823,The Nest ,https://goo.gl/maps/UUXnUC3qkEK2,"@38.052043,-84.487131,15z"
fd2f78c0-c8ea-11e9-b43e-456ed9f9b823,The Raven House Living Room Show ,https://goo.gl/maps/8xdgYx2YpTbBHbQ88,"@37.999759,-84.498191,16z"
31c266a0-522a-11eb-a43d-dfe2af8cac81,The Fishtank,https://goo.gl/maps/1hxsKkgxjm7Z2Td87,"@38.034252,-84.4982607,17z"
815784a6-7c88-438f-8c1e-6cb5b810da28,Morehead State University,https://goo.gl/maps/MYRkQ6jTjWA2XjTT9,"@38.1886162,-83.4337009,17z"
eb80cd5c-772f-4558-83ef-7d2cc28b5a85,Rocky Hollow Recreation Center,https://goo.gl/maps/8gayuGZVpWBjzrM19,"@37.0888622,-84.6030812,17z"
652032c0-3aa3-11e9-b43e-456ed9f9b823,The Kentucky School - Al's Sidecar (Cheater's),https://goo.gl/maps/xYeJp5Crzir,"@38.0541947,-84.4884183,17z"
e6fbfd84-1803-47e9-a585-e809711c86e2,Clover Bottom Bed and Breakfast,https://goo.gl/maps/yD4Fq6qxd19sfJfj8,"@37.4842727,-84.1500916,17z"
0a140e4d-06b2-4d4e-b7b7-12406625f864,Apollo Pizza Meadowthorpe Taproom,https://goo.gl/maps/RsiTsgC4inScHuRv6,"@38.0650186,-84.5240812,17z"
0378f940-3aa7-11e9-b43e-456ed9f9b823,Tates Creek PCA Church,https://goo.gl/maps/kyTXpHSFs9k,"@37.9643306,-84.4840767,17z"
5f1e5bf0-13cd-11ea-9e22-bba7df481824,Second Presbyterian Church,https://goo.gl/maps/M5DCa85t3tbHe3G18,"@38.0396416,-84.4928049,17z"
2c65f37d-d200-41f5-a022-dcaab9d643d5,Pine Mountain State Resort Park,https://goo.gl/maps/zChCEfimyNXxRi9SA,"@36.7360569,-83.7400814,17z"
0cf4fa9b-bf64-4a7f-a27c-2812e8cd2811,Cross Keys Park,https://goo.gl/maps/Ghm3pB9BVD7UqK6X8,"@38.0407405,-84.5574993,17z"
705fcfc0-3c23-11e9-b43e-456ed9f9b823,Transylvania University Library,https://goo.gl/maps/cHQWq1bDBh52,"@38.052047,-84.4966762,17z"
52c8b880-cd98-11e9-b43e-456ed9f9b823,Robert F. Stephens Courthouse Plaza,https://goo.gl/maps/fCHM2WRrbA13oycQ9,"@38.0461067,-84.4983921,17z"
0d4cbe8e-dee3-44c1-8731-5203f4dfc1cb,Downtown Midway,https://goo.gl/maps/gZK9MvEQPzK7KBUo8,"@38.1504849,-84.685536,17z"
c43f4252-de46-430d-b17f-38f0fb3aef56,Fifth Third Pavilion,https://goo.gl/maps/ZrhKAijkk96EvFpK9,"@38.0479182,-84.5004345,17z"
264574a0-3fb4-11e9-b43e-456ed9f9b823,Base110,https://goo.gl/maps/qHVkhxovqiP2,"@38.0461274,-84.5012052,17z"
2e1f30d0-3fb4-11e9-b43e-456ed9f9b823,The Carnegie,https://goo.gl/maps/fTapDFPYhT92,"@39.0801218,-84.5091724,17z"
3b95eed0-d310-11e9-b43e-456ed9f9b823,Kentucky Mudworks,https://goo.gl/maps/dar8We36SuE9rqYd8,"@38.046976,-84.466638,15z"
7616a76f-6054-4b1f-9335-2a9ef73f7831,Spirit Nest at Bernheim,https://goo.gl/maps/fSHyZKG1TQ4uEhio9,"@37.923445,-85.663565,15z"
63440925-eb44-43d5-9d8d-079e02164bbf,Proud Mary BBQ,https://goo.gl/maps/7JrkWo6SujnfUTtc9,"@37.8867621,-84.3420292,16.45z"
b0755220-3fb5-11e9-b43e-456ed9f9b823,Alltech Arena Kentucky Horse Park,https://goo.gl/maps/SLPt8C4Pzo42,"@38.0903784,-84.5820268,12z"
ac0fec6b-613e-4065-af0f-b96609fe0ed5,Lexington Children's Theatre,https://goo.gl/maps/KDHZ8rZazneKuyi57,"@38.0498179,-84.5018897,17z"
2402c5b0-3fb6-11e9-b43e-456ed9f9b823,Leeds Center for the Arts,https://goo.gl/maps/JHkyDKBGa5G2,"@37.9945158,-84.1783173,17z"
338616c6-491a-4601-b4c0-adf16dd84b95,Minglewood,https://goo.gl/maps/VKBmoioTxhz53gcL9,"@38.0474953,-84.4966868,18.22z"
f93ca2fc-f9df-443f-b8cb-67f784fc18ce,101 W Louden,https://goo.gl/maps/EE4fh4heUJ3WoLGV6,"@38.0582406,-84.4842733,17z"
f1de3460-3fb6-11e9-b43e-456ed9f9b823,Bluegrass Batcave,https://goo.gl/maps/EZV61k8EYa22,"@38.0415971,-84.4706893,17z"
32453c93-9510-4e71-85a0-580d6ff015ab,Berea Skate Park,https://goo.gl/maps/JPvmjMZShhvnYCbz7,"@37.5746365,-84.3005125,17z"
e55a0d80-3fb7-11e9-b43e-456ed9f9b823,Appalshop,https://goo.gl/maps/hnUJh9TBZ6D2,"@37.1168013,-82.8237222,17z"
75b6dd1c-cdcd-42b5-a5ac-cbda75be4e08,Bi-Water Farm,https://goo.gl/maps/NAy8DqmGRhQw6N3n6,"@38.226482,-84.565063,14z"
f91d68d0-3fb7-11e9-b43e-456ed9f9b823,Lussi Brown Coffee Bar,https://goo.gl/maps/3uhFewSCVMo,"@38.0476046,-84.498172,17z"
b62bd7a4-e8ac-423c-a9b2-edbc06230392,Berea Chamber of Commerce,https://goo.gl/maps/ExeTj9GbQnbeU9387,"@37.5681325,-84.3000513,17z"
f9772d40-acec-4721-b4ca-a7683929c5ee,The Summit at Fritz Farm,https://goo.gl/maps/FXaHc7prMJs5PURf7,"@37.9775288,-84.5285183,17z"
90aa70bc-83b1-42d0-a0db-520b14b9ac47,Shillito Park,https://goo.gl/maps/k52PWc7E3ckhKu3r9,"@37.993418,-84.5330559,17z"
bdc4df7b-1b6a-428a-a311-ab1a1882d2f5,Honeywood,https://goo.gl/maps/FXaHc7prMJs5PURf7,"@37.9775288,-84.5285183,17z"
fc45ecf2-bf7a-498d-aa98-123bd5c9acd0,Rockcastle Riverside,https://goo.gl/maps/MWt9MiFfMcrsRmti6,"@37.2270964,-84.2620998,1217m"
9c215e14-b514-4637-864c-cceeb0be8e89,Berea City Park,https://goo.gl/maps/idzQtbVUjs1ybJha9,"@37.5781349,-84.2932417,17z"
087d50ac-65da-4393-9b3a-7599503f3681,Isaac Murphy Memorial Art Garden,https://goo.gl/maps/dr4CETjcccaifPkq5,"@38.027264,-84.4627968,12z"
6e53cd15-e4e6-4f9f-b810-803db7fe41b7,Lynagh's Irish Pub,https://goo.gl/maps/GGqYGzB6735UwxPS9,"@38.0344836,-84.4955712,15z"
e5095566-40d0-4f4d-a80d-76610f3ddde2,Eckert's Country Store & Farms,https://goo.gl/maps/kYwAVjfCMxjeRLSD6,"@37.9986771,-84.7010452,17z"
c70196b4-8c1d-4375-bebb-391c7d8e1916,Somerset Community College - Somerset Campus,https://goo.gl/maps/tqGjX3djT3Jjnzfs7,"@37.0601152,-84.6168242,19z"
66a86d5b-6af7-4d0a-9160-621b6b872aac,Lindsey Wilson College V.P. Henry Auditorium,https://goo.gl/maps/wUz6RwMyqUKmuCca8,"@37.1028076,-85.3014631,17z"
a73a04d1-eae9-41b9-bb3b-6db10c8f3af8,Hopewell Museum,https://goo.gl/maps/vkRNHQG1NKvgE4Y4A,"@38.1892455,-84.2911363,14.4z"
dd785e58-c4c5-407a-9641-06af09fb0483,The Ballroom House,https://goo.gl/maps/2rWEbTgMQQNHJs8u7,"@38.0158488,-84.5273536,17z"
6204e538-53fa-4bbb-8cd3-54687e32327b,Rosewood Acres Farm,https://goo.gl/maps/ci7eVeQR4YhtZ9wL7,"@38.0507466,-83.9817278,17z"
88608345-ab9f-459c-ad86-c678ccc9017a,Anderson County High School,https://goo.gl/maps/cQGE7dA6ikgiW6DV6,"@38.023391,-84.9105996,17z"
9d4df28f-78bc-4328-afa0-cb7064e276a6,West Sixth Brewing,https://goo.gl/maps/zAKHh7iaC1w,"@38.059307,-84.491991,15z"
82e54963-3293-467d-94a5-a6a880b1cbe8,Visit LEX,https://goo.gl/maps/5SYUB3uukJA2,"@38.049484,-84.500312,15z"
28eed072-7ef6-4726-b3a4-bc7bbe0ee3a1,Pam Miller Downtown Arts Center,https://goo.gl/maps/qAzN13Ub5iA2,"@38.0457068,-84.4981439,17z"
d472c289-481c-4c08-9e72-2cbe36a715cb,Cherokee Park,https://goo.gl/maps/twESQiRJiFcFxLat9,"@38.2399698,-85.701555,17z"
6e57987b-0e2c-473b-86c6-c1a596faf1e6,Downtown Nicholasville,https://goo.gl/maps/JebbcQcnc2LCyp728,"@37.881183,-84.5740926,17z"
c76c97f5-3a9c-4dcb-816e-6135a32ddf49,St. Raphael Episcopal Church,https://goo.gl/maps/EgyGNdALyHYuskN47,"@38.037937,-84.5646595,17z"
2c3c4808-5ead-4672-b3bd-d751e66f8517,Alley on Main,https://goo.gl/maps/AntxRsPWfCymFWoG7,"@37.8141066,-82.8059339,19.16z"
68892d40-c9a4-42c6-a65d-f74fc3c2f8d8,Main Street,https://goo.gl/maps/HuMUx4Du5x8GA9n78,"@37.7607006,-84.845676,17z"
7665d991-ba03-40a3-a262-1fba3b51088e,Downtown Middlesboro,https://goo.gl/maps/XzeGHTAYKHcCCwGy5,"@36.604802,-83.7158221,19z"
195f0b47-8020-4ab7-87ca-ce7a48e5760a,Green Street - Downtown Versailles,https://goo.gl/maps/uWnrwzCGMiitK5jh6,"@38.054265,-84.7330444,17z"
dba62e25-d310-49e0-91f4-20b7ee06385e,Downtown Wilmore,https://goo.gl/maps/osn4ZfYE1uV8CMGv9,"@37.8584631,-84.659117,20.15z"
2f610bcd-54f3-4b47-8917-734bd2031f64,South Elkhorn Christian Church,https://goo.gl/maps/9EAys92t2GhAr87NA,"@37.9973182,-84.5857229,17z"
c6660f1e-f03b-4994-ac7c-45097dad6530,Sig Luscher Brewery,https://goo.gl/maps/4Ljdg4j1RMsCi1mH9,"@38.2015407,-84.8772022,17z"
eee483a3-17b5-463a-bf2c-15e1be563735,Mary Queen of the Holy Rosary,https://goo.gl/maps/ho6u7VmP1SdD9eJL9,"@38.0158303,-84.5401612,17z"
45a3a522-08ef-4ccf-9aad-da73e39d462d,"UK Arboretum, State Botanical Garden of Kentucky",https://goo.gl/maps/VCpFHNmmJPkeFJqt7,"@38.0143333,-84.506357,17z"
592dc580-aed7-4766-ae08-a4075a5710c7,Forks of Elkhorn Baptist Church,https://goo.gl/maps/qqGoX7seqogYMVsZ9,"@38.1706279,-84.7868458,17z"
4498b4bf-5ecd-4ede-b56d-6cfe9bbd816f,Downtown Somerset,https://goo.gl/maps/Nrcu9Znkc6rynXxL6,"@37.093176,-84.6042107,17z"
fec16c4c-cffe-4f53-ad10-6468847f62d3,Maiden City Brewing Co.,https://goo.gl/maps/LW3mAsHa9KnK31Xh6,"@38.3888931,-84.2988554,17z"
6dabda33-eafe-4e7b-a4ec-2dbed290ca13,Lexington Children's Theatre,https://goo.gl/maps/oeCBhrdYvGg9NKzB6,"@38.0498179,-84.5018897,17z"
4c0fbafc-b6f5-400e-ae51-221321b6f4ae,Parks and Recreation Cultural Arts,https://goo.gl/maps/KbgRuhQAWFqM5tbRA,"@38.0459871,-84.5099468,17z"
f84209e1-0699-40c6-81d2-daa0393f5def,Clarion Hotel Conference Center - North,https://goo.gl/maps/JxHArXakpsAC927FA,"@38.0972162,-84.4873987,17z"
09572216-00f6-4bbc-83f6-73af324d0ef4,Lexington Peddler's Mall,https://goo.gl/maps/wNzJVrL7eKYGYrUv8,"@38.0319642,-84.4546267,17z"
92743df0-c59d-4a76-99f4-fba70be46f5f,EKU Center for the Arts,https://goo.gl/maps/rkwSHN3pLHnULur38,"@37.7335587,-84.3061931,17z"
a91663a5-6aa6-4f34-a5e1-240e8260035f,Joseph-Beth Booksellers,https://goo.gl/maps/TGeXymCayfRp7KNY6,"@37.9942973,-84.5268358,17z"
682b5604-a019-4d04-9e8c-7818c5bb2a9c,Calvary Baptist Church,https://goo.gl/maps/nyecgrNSFgSQakuS8,"@38.0437612,-84.4999544,17z"
6e7441ac-5530-44a7-bb7e-992b41c55186,Heritage Hills Theater,https://goo.gl/maps/xTa2hBAD7SiT72y36,"@37.130168,-84.1069917,19z"
a842fc6e-d445-4406-bf73-41bc017f0818,The Center For Rural Development,https://goo.gl/maps/jfnq3PHfaabQ7tCY7,"@37.0620991,-84.623508,16z"
d927986a-a30e-48f1-a43c-9666575c1d29,Fayette Mall,https://goo.gl/maps/qdikkFXxFm6VkwUw5,"@37.9891741,-84.5302336,17z"
c0e45408-b08a-4cb2-8db0-f4336922a620,Duncan Park,https://goo.gl/maps/vyzqh93squaY2cwNA,"@38.0520053,-84.4893963,17z"
2bb28732-1d6f-4462-a763-f077297018a6,Guignol Theatre,https://goo.gl/maps/6CSQC6PEoVggJDqy8,"@38.0366103,-84.5042096,17z"
6a576acd-93a2-41a7-afaf-41a3367e43f7,Central Bank Center,https://goo.gl/maps/rzqTmbTonzy1ge3x7,"@38.0491519,-84.5033686,17z"
8bcdf3a9-839c-4ff3-b146-5d47b64b3d86,Madison Central High School,https://goo.gl/maps/XmTLZAuvsBQF6EsX9,"@37.7561233,-84.2924421,17z"
e7e5f43b-5f49-4344-90c4-8da4e889fb14,The Break Room,https://goo.gl/maps/mynxRe3QoJ5yRsvj6,"@38.0556809,-84.5209589,17z"
f9b32c8f-43f5-4547-b7e0-f8c3f2703e58,Triangle Park,https://goo.gl/maps/AH7sxSGefdfj5ZVt5,"@38.0489156,-84.5026793,17z"
44e40cde-e4ef-4f7d-939e-dc0f03727d4e,Greyline Station,https://goo.gl/maps/qd5TcX4hsSkFkmHc8,"@38.0577875,-84.4838635,17z"
c30f14b6-9022-4c69-9589-a1f873d5bacd,Ragged Edge Community Theater,https://goo.gl/maps/Q65aPF7wZdfZ2n9S6,"@37.7619444,-84.8452443,17z"
23fa2011-e223-46bf-8f34-846a39be575b,Mitchell Tolle Building,https://goo.gl/maps/NJqhgePt1Eo6sXCv9,"@37.5677817,-84.3072386,17z"
8b1b7291-ff19-4744-a46a-56616636ca83,Laurel County Public Library,https://goo.gl/maps/zCT3yR1fuG17Pmm46,"@37.116122,-84.0635337,17z"
0770999f-9c05-451d-be8c-095e6b087cb8,Champions Sports Bar & Grill,https://goo.gl/maps/nWkuGARJJZqHR3Lt8,"@37.7342564,-84.3290563,17z"
40240a79-e292-4578-8265-ff757b9a9449,Cincinnati Museum Center,https://goo.gl/maps/spGv176psMnwMGEY9,"@39.1099358,-84.5394638,17z"
09588dec-511f-4e3a-9630-c85bf3f59f87,North Lime Coffee & Donuts,https://goo.gl/maps/V24eYVsCVvkZAGyT9,"@38.0573948,-84.4824228,17z"
2c227750-4871-4b5f-937e-8f848302f894,Margaret I. King Library,https://goo.gl/maps/XRXaDtEET481rjW76,"@38.0368132,-84.5057248,17z"
4035b4da-43e0-47e7-8faa-9ccf8f397eb6,Kroger Field,https://goo.gl/maps/vpcURdpDx3hSgwxv7,"@38.0227476,-84.5073649,17z"
b502a362-142a-40bb-a696-be94600d664d,Oleika Temple Great Lawn,https://goo.gl/maps/MQ26ncGPzTkwWKaP6,"@38.015309,-84.5276657,17z"
a7db42d8-3b4f-4d51-b81f-17018d4573ba,The Lot,https://goo.gl/maps/fvnRR6GbgWMRsKxdA,"@37.5681314,-84.3008705,17z"
31f3cccc-63a0-4daf-a8d2-03614723f85f,Churchill's,https://goo.gl/maps/kXxDMtiQRfN51yUz7,"@37.5782298,-84.2814347,19z"
ebc905a1-f79f-4f8a-aa65-4a05c29cabfd,Wandering Elm Photography,https://goo.gl/maps/qfALw21KpNNyt2aPA,"@37.0922702,-84.6050942,17z"
836b2cb6-ce64-4be2-a226-3b7eaa26695c,Belleau Woods Park,https://goo.gl/maps/uiV96GwDrSkzWMRJ9,"@37.9708652,-84.5031437,17z"
db16aaa7-9b68-466a-91d9-f70d13b3f9d7,Boyle County Extension Office,https://goo.gl/maps/Jt4e7ciUkoK1mCXa8,"@37.6228837,-84.8224005,17z"
3a6b007b-384c-4d88-aa22-1d16677f305f,Berea College Forestry Outreach Center,https://goo.gl/maps/aeVy9VCjyvTncV1a7,"@37.553833,-84.2428751,17z"
e592ac95-b63a-4439-a3ae-a282532ff448,WUKY Studios,"https://www.google.com/maps/place/2640+Spurr+Rd,+Lexington,+KY+40511/@38.1034842,-84.5322137,15z/data=!4m5!3m4!1s0x884243ff95464bef:0xc827c049c0ea3ea8!8m2!3d38.10348!4d-84.523459","@38.1034842,-84.5322137,15z"
75b6ad73-7fb7-4c4a-8a62-e31699667e5a,Downtown Paris,https://goo.gl/maps/tqVjPogB24P5PT9T7,"@38.2016587,-84.3047271,13z"
d7acebf7-da4a-4487-8f1f-56bbf65cbb43,London Ferrill Community Garden,https://goo.gl/maps/W2yrmB8vTfYUCd9g9,"@38.0475154,-84.4919992,17z"
194d32fb-6d90-4517-a041-048a059da8f6,Hopemont,https://goo.gl/maps/XQfH9oF6VmWypZH5A,"@38.0501709,-84.498522,17z"
70070385-5ba0-4d84-a443-751fdff75a3c,BCTC Winchester Campus Amphitheater,https://goo.gl/maps/nFNM3h988B6jaA3r8,"@38.0147553,-84.2042521,17z"
fa9046e8-b454-41ba-9f83-abcd761f4d03,Gratz Park,https://goo.gl/maps/btA8niYroZj6a7TLA,"@38.0505942,-84.4970347,17z"
2d1273fb-2d7e-4571-8dcc-c12e83bf2135,Oliver Lewis Way,https://goo.gl/maps/2Gxr8CJ3YfeGP1D1A,"@38.0489368,-84.5121523,17z"
10a3f072-6ef1-42a7-931d-7bf6d2f30afc,Glades Gardens,https://goo.gl/maps/J2eUvqLtmKmuMwat7,"@37.5855583,-84.2840321,17z"
0fd7a7a5-d774-4172-81eb-1d45cc624f5c,The Barnyard Venue,https://goo.gl/maps/3S3NPkgbmXC5aYB26,"@38.2009297,-83.9013246,17z"
32399b06-4475-42f5-a571-f6729307ce90,Castlewood Park,https://goo.gl/maps/nSgVTfVhpJwG5Kcw9,"@38.055439,-84.474459,15z"
8b73fb01-1ede-474d-b7d2-623642515aee,Danville,https://goo.gl/maps/zkvDrtKkVFUXggW26,"@37.6438857,-84.8505358,12z"
a48e84c8-1bed-45d6-a6e1-fed588a775ac,Downtown Morehead,https://goo.gl/maps/8HfojBPp8kPHEgVF9,"@38.166358,-83.444475,16z"
b26cfcea-bcd9-4f33-abb5-11099a3cfbf3,Rebel Rebel Studio & Lounge,https://goo.gl/maps/yJagWciheHzp1Vpb7,"@37.5681322,-84.3006321,17z"
b94e0295-aa70-4210-a4d5-9dffe44e35b8,631 Old Frankfort Pike,https://goo.gl/maps/z7DtCHefZfgvuLg79,"@38.0618262,-84.5379157,17z"
8ec7d82a-63be-4511-9cb3-784a3ab1df7a,Frankfort/Franklin County Tourist Commission,https://goo.gl/maps/GffX5F9M7hvvX5oj9,"@38.1987838,-84.8781899,19.42z"
5b75ef77-d8b5-4050-8ae3-7ce10c8fc576,Berea Folk Center,https://goo.gl/maps/SG71fa1PCx6V3sADA,"@37.5734938,-84.2998438,17z"
9d5a696f-284c-409a-b567-30c421d0b81c,Hidden Ridge Camping,https://goo.gl/maps/V5RYrdwDUnb9x5mt6,"@36.9434786,-84.8475254,19z"
5e256a8b-bbe7-4021-b2cc-5c05799be5be,900 Franklin St,https://goo.gl/maps/E3fQwZzvpNgZcXtTA,"@38.2561875,-85.7359054,19.27z"
a3a3d693-aede-473b-ab84-1587c0aa5853,Maywood's Environmental & Educational Laboratory ,https://goo.gl/maps/iLyCNmBWuYc1PMos9,"@37.4898522,-84.439937,17z"
0ecdee3b-9867-4386-b57d-4a91dbaa1f8b,African Cemetery No. 2,https://goo.gl/maps/ZofDtkePttorbwu36,"@38.050243,-84.477931,16z"
c562003a-f940-41ba-ac6f-82ebfbabd702,Kenwick Table ,https://goo.gl/maps/dfLWGCAjcy3CfxEn9,"@38.0340796,-84.4796414,17z"
fe348386-5300-4a31-bce4-52e42323da12,The Cottage Farm Stand & Baking Co.,https://goo.gl/maps/HYfP7e1P69bm98dH9,"@37.757233,-87.2429643,15.29z"
9860771e-b44d-496c-a7a6-c8254ca84a78,Waterfront Park,https://goo.gl/maps/rjfdGBjH7NVLGsVK8,"@38.2597229,-85.7435398,16.03z"
41bc6755-1faf-4c1d-9f45-851d0d763c53,Southland Drive,https://goo.gl/maps/PqV9CQXJ9Bvz8L8H8,"@38.0157683,-84.5259054,17z"
3e696f00-697c-4fc5-85ef-417f4d75e770,Donamire Farm,https://goo.gl/maps/Jpg3nB1c3Y9DpXSt8,"@38.0971354,-84.6057007,17z"
d3ed9109-9bde-4658-b856-2a5dd17c6fb9,Camp Nelson National Monument,https://goo.gl/maps/F6ZJhe2JMxsHMBBT8,"@37.7971118,-84.6029396,17z"
22c508fd-7404-401d-ba9b-1cff9071772d,Infinity: Rooftop Restaurant + Bar,https://goo.gl/maps/wGkYWjX1mpyK9tv16,"@38.0468967,-84.5001055,17z"
06a9661c-a7d2-4775-9e30-d4d50bd13a76,Henry A. Tandy Centennial Park,https://goo.gl/maps/qub51H9BVtvLXiQb9,"@38.048317,-84.5000478,17z"
3d36b4d9-3a96-410e-b415-6d352e14fde8,Terrapin Hill Farm,https://goo.gl/maps/2GP2B2PiFH1dPksE6,"@37.7377777,-84.980956,17z"
dba1f941-5074-4b81-839a-c784da82a401,Louisville Male High School,https://goo.gl/maps/NcfhygmwTKfouJMK7,"@38.1846996,-85.7232154,17z"
8b8047e7-50df-4233-addd-4feb4d1ee5e7,West T Hill Community Theatre,https://goo.gl/maps/DfkcEV3PPFioawqU9,"@37.6468596,-84.7735461,17z"
948d9348-8f31-4ea9-a0d2-afb45699fd63,Downtown Mount Sterling,https://goo.gl/maps/hKRbE7cUMHiXko537,"@38.0619046,-83.9463905,13z"
f6d5b1a4-dd9c-4c67-b7a3-860d38330c58,Capital Plaza Hotel,https://goo.gl/maps/6XqDSkHzBDwddyfi6,"@38.2024486,-84.8806802,17z"
5c5c3a66-dd64-4a82-91aa-49499e59c0de,The Virginia,https://goo.gl/maps/1mSfwtQ8M7fkR9gP6,"@37.0925605,-84.6035962,19z"
7b6b942c-676b-4fe1-8e01-a7e7fdbd83e0,Millville Community Center,https://goo.gl/maps/4Eqp48v5AQJgzxuw5,"@38.1203872,-84.8293952,17z"
23184486-b02f-4ff9-9bb1-fa5086416dae,The Amp at Dant Crossing,https://goo.gl/maps/rTP7t21rrdK1SzN6A,"@37.6459515,-85.5371382,17z"
f0db716c-e61f-411a-b688-5d8bc16039d9,UK Albert B. Chandler Hospital Chapel Gallery,https://goo.gl/maps/dswdUgqj7w1sWL6A6,"@38.031102,-84.5098239,17z"
7c174cb2-c974-46c1-84d0-a333f04c1ca1,228 S 2nd St,https://goo.gl/maps/HBjXGrDEdV3tpMqC8,"@37.7466548,-84.2963942,19.17z"
281dd65f-b847-4f35-8681-6f1b6682c44f,Richmond Mall,https://goo.gl/maps/18ZszyGjvGgTbukM7,"@37.7297319,-84.2832566,17z"
48179693-a01b-4fb2-a31b-cf6581d9d320,Lucille Caudill Little Fine Arts Library,https://goo.gl/maps/JJVruc2sxmA2,"@38.0372567,-84.5029386,15z"
61baa019-9688-475f-9f58-33b29d031c21,Distillery District,https://goo.gl/maps/5GTKakaLWwGKuwk69,"@38.0555536,-84.518288,18.89z"
67428283-eb5f-4f15-b95a-25e47e296f84,354 E Main,https://goo.gl/maps/Rqm5xmsjaKKtjVGV7,"@38.0417671,-84.4928729,19.45z"
affaa232-7594-4e8a-836d-b4d6eb86e928,The Nook,https://goo.gl/maps/oGC6MZUJE9DcwtRZ6,"@37.6174168,-84.7715834,16.29z"
d2964ba3-8930-4b36-887a-72cab2b681a5,Twin Knobs Campground,https://goo.gl/maps/3pxvvmUa1wJt3xmn7,"@38.0937998,-83.4949524,17z"
61af41f8-7fb5-4d2a-8ca2-3d8afafea847,Kentucky Folk Art Center,https://goo.gl/maps/FpRNPJxkNogSNtEK9,"@38.1811009,-83.4353255,17.08z"
814e5366-d3f9-4b2d-9933-d3ec8bd74cbe,Irish Hills Golf Course,https://goo.gl/maps/iMeVQgXe4NiJThdV6,"@38.0345504,-83.9227613,17z"
d4133f03-9203-4405-8df2-466ecb03c347,Berea,https://goo.gl/maps/Rh1kYDMFYJqzAATc8,"@37.5945223,-84.3562554,12z"
bb448856-1daa-441e-9ca9-1c88bba0a589,Old Fort Harrod State Park,https://goo.gl/maps/BFAcPmmng6AWzYgq6,"@37.7619007,-84.8491877,17z"
b6f6e646-fa17-4c54-9774-1c3c5c285a33,St. Andrew Orthodox Church,https://goo.gl/maps/pPCAUGF3ZeVy3eeA7,"@37.9848796,-84.5608433,17z"
345db2de-12b9-4995-ac5d-5d76376f8772,The Longship Club at Kroger Field,https://goo.gl/maps/eMU65kQx4xrnKNSE6,"@38.0232814,-84.5084251,17z"
1b1aa9bf-f7a8-4b7e-a69e-4364157be245,Greater Gardenside,https://goo.gl/maps/pLRCi1s6VL8UMr6m9,"@38.0397348,-84.5532584,17z"
98356f84-265d-4843-ab5f-3bdabbbc6798,The Spotlight Playhouse,https://goo.gl/maps/DDzzWmRdDZw8z6NX6,"@37.584734,-84.2845794,17z"
17300427-6df5-41d9-aed0-1fd59e750620,120 New Zion Road,https://goo.gl/maps/wvzXiwNjWnmnhQVZ7,"@38.1808357,-84.4883316,15.76z"
893175b0-d5cc-44b0-a07f-71604037b936,Downtown Manchester,https://goo.gl/maps/8DzAMWWD2h59vFvP6,"@37.1528844,-83.7686075,14.86z"
c2cf9636-c2e8-4ed7-b2e1-403ad2c688ab,Downtown Winchester,https://goo.gl/maps/wfHLeWEpdBWZy2gB9,"@38.0063992,-84.2617845,12z"
30b1ef9e-763d-42c0-9548-9a8f538fd340,Constitution Square,https://goo.gl/maps/xqtprPDAHu9Tyd8k8,"@37.6451369,-84.7724467,17z"
ef87c698-6b7d-4d96-9547-b37d58b25221,Kentucky Coffeetree Cafe,https://goo.gl/maps/kJjhPMZ7EGMyk5mm8,"@38.199436,-84.8769216,15z"
485f0fc2-a6d5-472f-8e2c-7705f1c48d09,Century Bank Park,https://goo.gl/maps/HJundS2mS9TS8QAp8,"@38.0362323,-84.8993978,17z"
ea6666cb-c2e4-46d6-9ba9-6e4a1a9b88fe,Downtown Georgetown,https://goo.gl/maps/7tTBbdtDf1vmk9zN8,"@38.2106156,-84.5599245,18z"
00834282-3464-4d99-88c0-a12df51a19b6,Carver School,https://goo.gl/maps/YakbgCPVPhmaX4BK8,"@38.0461258,-84.5120676,17z"
6b8c8c46-8ede-4d97-8e0d-f1cca0a16cca,Elm Tree Lane,https://goo.gl/maps/pBhRJyVnTeyf9TX16,"@38.0479221,-84.489363,17z"
66cfb945-8393-4c16-b14f-85692290ec17,Palmers Fresh Grill,https://goo.gl/maps/XHSLYfHzKmaQvuc16,"@37.9950086,-84.5245814,15z"
371db23b-8e42-440f-a9f7-8d0380b1b873,Downtown Midway,https://goo.gl/maps/xZdDoGyMUJH1xfcP9,"@38.1541099,-84.6843247,17z"
d81f5abb-5c75-4ef7-9800-4eddbe83272b,Jones Visual Arts Center,https://goo.gl/maps/sHaSfGQ6tqSAhXcv6,"@37.6432488,-84.7856999,17z"
7446515b-b989-4ed8-9139-67484ba6b881,Downtown Versailles,https://goo.gl/maps/yqqG8kFSLpkqcXUM9,"@38.0495153,-84.7701236,13z"
11469d53-9a95-41db-a6e0-05a844448425,River View Park,https://goo.gl/maps/MjijFVt6xfM6CqTS6,"@38.2019443,-84.8842272,17z"
74456f45-6ed9-4f22-b534-5a33cc14cebe,Foundation for Appalachian Kentucky,https://goo.gl/maps/3UbkLMskcS9E5p3S7,"@37.2499185,-83.1987428,15.45z"
d302bdc2-36ab-43fc-8c9e-4a6713f55834,Downtown Richmond,https://goo.gl/maps/Ri6ed1K23ghGHZfNA,"@37.7478572,-84.2968426,17z"
238fa7d5-bf78-4e41-8f31-c3d8fcde2e0e,Kirklevington Park,https://goo.gl/maps/bqFoRotHgLnp5HJr6,"@37.986318,-84.5066037,17z"
f2faaf25-53ef-4b8c-a367-5ee75f7822d4,Old Capitol Lawn,https://goo.gl/maps/M39xrDsBMQ4hqsBV8,"@38.2003072,-84.8765488,17z"
61cc7fc4-2e41-477b-add7-a69fd3834a11,Log House Craft Gallery,https://goo.gl/maps/G3hp5UsDMXpiwiUEA,"@37.573621,-84.2890289,17z"
72903be1-fe73-471b-85a4-dcc5f44f36c9,Briggs Theatre,https://goo.gl/maps/ZF5y1jFmDPwsr7To7,"@38.0369615,-84.5041762,17z"
2b2b0db7-6141-48bd-b4ef-a06965705e72,"Downtown Pound, VA",https://goo.gl/maps/ftZQPYUBnoSq6nG97,"@37.1224417,-82.6014384,18.75z"
4a7a62f1-17ec-48d2-b9e6-2b7aebeda3b0,Berea College,https://goo.gl/maps/jyxLqq3i1aUD42G59,"@37.5705892,-84.2911577,17z"
1049881e-590a-465c-9ac4-4dd4d101b3a6,Euclid Avenue,https://goo.gl/maps/dipwA23gEoLLfdGAA,"@38.0337172,-84.4973637,17z"
4eae90e2-c56e-4fee-a273-fc20ee5fed50,Fasig-Tipton Co Inc,https://goo.gl/maps/WWDR6YUwEkTjz75M8,"@38.1095399,-84.4780183,17z"
f7df5a32-356f-4bc7-9720-79b2d83ccf00,John Cropp Stadium,https://goo.gl/maps/xeYFpeZ77vm5tEAM6,"@38.0172318,-84.5013421,17z"
